De-identification Name,VOYAGE,NOON_UTC,AVG_SPEED,SPEED_THROUGH_WATER,ME_AVG_RPM,PROPELLER_SPEED,FORE_DRAFT,AFTER_DRAFT,DISPLACEMENT,CARGO_ON_BOARD,WIND_SCALE,SEA_HEIGHT,SEA_WATER_TEMP,WIND_SPEED,WIND_DIRECTION,SWELL_HEIGHT,SWELL_DIRECTION,SEA_DIRECTION,WATER_DEPTH,MID_DRAFT,TOTAL_DISTANCE,SEA_SPEED_DISTANCE,DIFF_STW_SOG_SLIP,FULL_SPD_STW_SLIP,HORSE_POWER,LOAD_PCT,SFOC,ME_SLIP,THRUST,THRUST_QUOTIENT,TOTAL_CONSUMP,ME_CONSUMPTION,ME_FULLSPEED_CONSUMP_HSHFO,ME_FULLSPEED_CONSUMP_ULSFO,ME_FULLSPEED_CONSUMP_VLSFO,ME_FULLSPEED_CONSUMP_LSMGO,ME_FULLSPEED_CONSUMP_BIO_HSFO,HOURS_FULL_SPEED,HOURS_TOTAL,days_since_last_maintenance,has_ever_had_maintenance,maintenance_event_count_all,maintenance_event_count_30d,maintenance_event_count_90d,maintenance_event_count_180d,has_maintenance_today,days_since_last_polishing,has_ever_had_polishing,days_since_last_cleaning,has_ever_had_cleaning,days_since_last_inspection,has_ever_had_inspection,days_since_last_dock,has_ever_had_dock,last_maintenance_event_type,last_maintenance_event_type_normalized,last_maintenance_propeller_condition,last_maintenance_hull_fouling_type,last_maintenance_hull_coating_condition,last_maintenance_cavitation_found,last_maintenance_draft_fwd_m,last_maintenance_draft_aft_m,target_fuel_column,target_value,is_prediction_row
S22,34,927,10.8,11.0,39.0,12.49,12.0,14.25,142302.0,70433.0,4.0,1.5,30.0,16.0,8.0,2.0,9.0,8.0,1600.0,12.75,259.0,259.0,1.665,11.937,HIDDEN,HIDDEN,HIDDEN,HIDDEN,HIDDEN,HIDDEN,HIDDEN,HIDDEN,PREDICT,HIDDEN,HIDDEN,HIDDEN,,24.0,24.0,17,1,1,1,1,1,0,927,0,17,1,927,0,17,1,DD,dry_dock,,,,,,,ME_FULLSPEED_CONSUMP_HSHFO,,1
S22,34,938,18.2,18.29,63.2,20.24,14.92,14.15,160408.0,94373.0,3.0,1.5,30.0,10.0,12.0,1.5,13.0,13.0,1257.0,14.11,437.0,437.0,0.415,9.629,HIDDEN,HIDDEN,HIDDEN,HIDDEN,HIDDEN,HIDDEN,HIDDEN,HIDDEN,PREDICT,HIDDEN,HIDDEN,HIDDEN,,24.0,24.0,28,1,1,1,1,1,0,938,0,28,1,938,0,28,1,DD,dry_dock,,,,,,,ME_FULLSPEED_CONSUMP_HSHFO,,1
S22,34,943,18.8,18.04,61.4,19.67,14.92,14.15,160408.0,94373.0,3.0,0.5,34.0,8.0,12.0,0.5,12.0,12.0,770.0,14.11,450.0,450.0,-3.6,8.253,HIDDEN,HIDDEN,HIDDEN,HIDDEN,HIDDEN,HIDDEN,HIDDEN,HIDDEN,PREDICT,HIDDEN,HIDDEN,HIDDEN,,24.0,24.0,33,1,1,0,1,1,0,943,0,33,1,943,0,33,1,DD,dry_dock,,,,,,,ME_FULLSPEED_CONSUMP_HSHFO,,1
S22,34,944,17.7,17.6,60.3,19.31,14.2,14.38,158170.0,94372.0,4.0,1.0,33.0,15.0,12.0,1.0,12.0,12.0,830.0,13.89,443.0,443.0,-0.621,8.865,HIDDEN,HIDDEN,HIDDEN,HIDDEN,HIDDEN,HIDDEN,HIDDEN,HIDDEN,PREDICT,HIDDEN,HIDDEN,HIDDEN,,25.0,25.0,34,1,1,0,1,1,0,944,0,34,1,944,0,34,1,DD,dry_dock,,,,,,,ME_FULLSPEED_CONSUMP_HSHFO,,1
S22,34,949,18.0,18.28,63.5,20.34,14.46,14.26,159056.0,94372.0,2.0,1.5,27.0,6.0,14.0,1.5,14.0,14.0,2811.0,13.97,450.0,450.0,1.376,10.115,HIDDEN,HIDDEN,HIDDEN,HIDDEN,HIDDEN,HIDDEN,HIDDEN,HIDDEN,PREDICT,HIDDEN,HIDDEN,HIDDEN,,25.0,25.0,39,1,1,0,1,1,0,949,0,39,1,949,0,39,1,DD,dry_dock,,,,,,,ME_FULLSPEED_CONSUMP_HSHFO,,1
S22,34,951,18.0,18.63,61.2,19.6,14.46,14.26,159056.0,94372.0,4.0,2.0,22.0,15.0,4.0,2.0,4.0,4.0,4704.0,13.97,432.0,432.0,3.189,4.979,HIDDEN,HIDDEN,HIDDEN,HIDDEN,HIDDEN,HIDDEN,HIDDEN,HIDDEN,PREDICT,HIDDEN,HIDDEN,HIDDEN,,24.0,24.0,41,1,1,0,1,1,0,951,0,41,1,951,0,41,1,DD,dry_dock,,,,,,,ME_FULLSPEED_CONSUMP_HSHFO,,1
S22,34,952,18.6,18.64,61.9,19.83,14.46,14.26,159056.0,94372.0,3.0,1.0,25.0,8.0,8.0,1.0,8.0,8.0,4909.0,13.97,466.0,466.0,0.0,5.977,HIDDEN,HIDDEN,HIDDEN,HIDDEN,HIDDEN,HIDDEN,HIDDEN,HIDDEN,PREDICT,HIDDEN,HIDDEN,HIDDEN,,25.0,25.0,42,1,1,0,1,1,0,952,0,42,1,952,0,42,1,DD,dry_dock,,,,,,,ME_FULLSPEED_CONSUMP_HSHFO,,1
S22,34,953,18.2,18.17,61.3,19.63,14.46,14.26,159056.0,94372.0,4.0,1.5,26.0,15.0,7.0,1.5,7.0,7.0,3310.0,13.97,437.0,437.0,-0.209,7.467,HIDDEN,HIDDEN,HIDDEN,HIDDEN,HIDDEN,HIDDEN,HIDDEN,HIDDEN,PREDICT,HIDDEN,HIDDEN,HIDDEN,,24.0,24.0,43,1,1,0,1,1,0,953,0,43,1,953,0,43,1,DD,dry_dock,,,,,,,ME_FULLSPEED_CONSUMP_HSHFO,,1
S22,34,954,18.4,18.32,61.4,19.67,14.46,14.26,159056.0,94372.0,2.0,0.5,27.0,5.0,6.0,0.5,6.0,6.0,3000.0,13.97,460.0,460.0,-0.407,6.84,HIDDEN,HIDDEN,HIDDEN,HIDDEN,HIDDEN,HIDDEN,HIDDEN,HIDDEN,PREDICT,HIDDEN,HIDDEN,HIDDEN,,25.0,25.0,44,1,1,0,1,1,0,954,0,44,1,954,0,44,1,DD,dry_dock,,,,,,,ME_FULLSPEED_CONSUMP_HSHFO,,1
S22,34,955,18.7,18.16,60.2,19.28,14.46,14.26,159056.0,94372.0,4.0,0.5,28.0,12.0,8.0,0.5,8.0,8.0,5000.0,13.97,467.0,467.0,-2.697,5.809,HIDDEN,HIDDEN,HIDDEN,HIDDEN,HIDDEN,HIDDEN,HIDDEN,HIDDEN,PREDICT,HIDDEN,HIDDEN,HIDDEN,,25.0,25.0,45,1,1,0,1,1,0,955,0,45,1,955,0,45,1,DD,dry_dock,,,,,,,ME_FULLSPEED_CONSUMP_HSHFO,,1
S22,37,1208,14.3,13.96,45.0,14.41,11.2,12.2,122772.0,46586.0,3.0,0.5,22.0,8.0,15.0,0.5,14.0,14.0,63.0,11.45,343.0,343.0,-2.317,3.15,HIDDEN,HIDDEN,HIDDEN,HIDDEN,HIDDEN,HIDDEN,HIDDEN,HIDDEN,PREDICT,HIDDEN,HIDDEN,HIDDEN,,24.0,24.0,2,1,2,1,1,1,0,2,1,298,1,2,1,298,1,UWI+PP,inspection_plus_polishing,,,,,,11.4,ME_FULLSPEED_CONSUMP_HSHFO,,1
S22,37,1219,15.4,15.57,50.0,16.01,14.0,12.6,144041.0,70038.0,3.0,0.5,13.0,8.0,8.0,0.5,9.0,9.0,2800.0,13.0,355.0,355.0,0.812,2.804,HIDDEN,HIDDEN,HIDDEN,HIDDEN,HIDDEN,HIDDEN,HIDDEN,HIDDEN,PREDICT,HIDDEN,HIDDEN,HIDDEN,HIDDEN,23.0,23.0,13,1,2,1,1,1,0,13,1,309,1,13,1,309,1,UWI+PP,inspection_plus_polishing,,,,,,11.4,ME_FULLSPEED_CONSUMP_HSHFO,,1
S22,37,1221,14.8,15.08,50.0,16.01,14.0,12.6,144041.0,80959.0,4.0,2.0,3.0,15.0,9.0,2.0,9.0,9.0,4960.0,13.0,354.0,354.0,2.079,5.814,HIDDEN,HIDDEN,HIDDEN,HIDDEN,HIDDEN,HIDDEN,HIDDEN,HIDDEN,PREDICT,HIDDEN,HIDDEN,HIDDEN,,24.0,24.0,15,1,2,1,1,1,0,15,1,311,1,15,1,311,1,UWI+PP,inspection_plus_polishing,,,,,,11.4,ME_FULLSPEED_CONSUMP_HSHFO,,1
S22,37,1228,15.5,15.71,51.0,16.33,14.0,12.6,144041.0,80959.0,4.0,2.0,10.0,15.0,8.0,2.5,10.0,9.0,3100.0,13.0,373.0,373.0,1.017,3.832,HIDDEN,HIDDEN,HIDDEN,HIDDEN,HIDDEN,HIDDEN,HIDDEN,HIDDEN,PREDICT,HIDDEN,HIDDEN,HIDDEN,,24.0,24.0,22,1,2,1,1,1,0,22,1,318,1,22,1,318,1,UWI+PP,inspection_plus_polishing,,,,,,11.4,ME_FULLSPEED_CONSUMP_HSHFO,,1
S22,37,1231,14.5,14.74,51.0,16.33,14.0,12.6,144041.0,80959.0,4.0,1.5,16.0,12.0,0.0,2.0,2.0,2.0,4900.0,13.0,333.0,333.0,1.598,9.765,HIDDEN,HIDDEN,HIDDEN,HIDDEN,HIDDEN,HIDDEN,HIDDEN,HIDDEN,PREDICT,HIDDEN,HIDDEN,HIDDEN,,23.0,23.0,25,1,2,1,1,1,0,25,1,321,1,25,1,321,1,UWI+PP,inspection_plus_polishing,,,,,,11.4,ME_FULLSPEED_CONSUMP_HSHFO,,1
S22,37,1233,15.7,15.78,51.0,16.33,14.0,12.6,144041.0,80959.0,4.0,1.5,18.0,15.0,13.0,2.0,14.0,14.0,4000.0,13.0,362.0,362.0,0.27,3.373,HIDDEN,HIDDEN,HIDDEN,HIDDEN,HIDDEN,HIDDEN,HIDDEN,HIDDEN,PREDICT,HIDDEN,HIDDEN,HIDDEN,,23.0,23.0,27,1,2,1,1,1,0,27,1,323,1,27,1,323,1,UWI+PP,inspection_plus_polishing,,,,,,11.4,ME_FULLSPEED_CONSUMP_HSHFO,,1
S22,37,1235,15.7,15.5,50.0,16.01,14.0,12.6,144041.0,80959.0,2.0,0.5,27.0,4.0,0.0,1.5,14.0,14.0,3000.0,13.0,376.0,376.0,-1.043,3.21,HIDDEN,HIDDEN,HIDDEN,HIDDEN,HIDDEN,HIDDEN,HIDDEN,HIDDEN,PREDICT,HIDDEN,HIDDEN,HIDDEN,,24.0,24.0,29,1,2,1,1,1,0,29,1,325,1,29,1,325,1,UWI+PP,inspection_plus_polishing,,,,,,11.4,ME_FULLSPEED_CONSUMP_HSHFO,,1
S22,41,1682,18.0,17.79,59.4,19.02,13.3,14.2,148543.0,84191.0,2.0,0.3,25.0,5.0,8.0,0.5,8.0,7.0,112.0,13.3,432.0,432.0,-1.093,6.476,HIDDEN,HIDDEN,HIDDEN,HIDDEN,HIDDEN,HIDDEN,HIDDEN,HIDDEN,PREDICT,HIDDEN,HIDDEN,HIDDEN,HIDDEN,24.0,24.0,3,1,3,1,1,1,0,3,1,772,1,3,1,772,1,UWI+PP,inspection_plus_polishing,Good,"barnacle,slime,algae",Fair,,,13.6,ME_FULLSPEED_CONSUMP_HSHFO,,1
S22,41,1689,17.5,18.29,65.8,21.07,16.0,15.5,179180.0,117396.0,3.0,0.5,26.0,8.0,6.0,2.0,8.0,6.0,4800.0,15.4,421.0,421.0,3.559,13.201,HIDDEN,HIDDEN,HIDDEN,HIDDEN,HIDDEN,HIDDEN,HIDDEN,HIDDEN,PREDICT,HIDDEN,HIDDEN,HIDDEN,HIDDEN,24.0,24.0,10,1,3,1,1,1,0,10,1,779,1,10,1,779,1,UWI+PP,inspection_plus_polishing,Good,"barnacle,slime,algae",Fair,,,13.6,ME_FULLSPEED_CONSUMP_HSHFO,,1
S22,41,1695,17.7,17.63,59.8,19.15,15.8,15.6,178634.0,117396.0,4.0,0.5,20.0,12.0,0.0,1.5,3.0,0.0,66.0,15.3,424.0,424.0,-0.219,7.973,HIDDEN,HIDDEN,HIDDEN,HIDDEN,HIDDEN,HIDDEN,HIDDEN,HIDDEN,PREDICT,HIDDEN,HIDDEN,HIDDEN,HIDDEN,24.0,24.0,16,1,3,1,1,1,0,16,1,785,1,16,1,785,1,UWI+PP,inspection_plus_polishing,Good,"barnacle,slime,algae",Fair,,,13.6,ME_FULLSPEED_CONSUMP_HSHFO,,1
S22,41,1697,17.4,17.21,59.6,19.09,15.8,15.6,178432.0,117396.0,4.0,1.5,19.0,14.0,3.0,3.5,9.0,3.0,3000.0,15.3,418.0,418.0,-1.095,9.849,HIDDEN,HIDDEN,HIDDEN,HIDDEN,HIDDEN,HIDDEN,HIDDEN,HIDDEN,PREDICT,HIDDEN,HIDDEN,HIDDEN,HIDDEN,24.0,24.0,18,1,3,1,1,1,0,18,1,787,1,18,1,787,1,UWI+PP,inspection_plus_polishing,Good,"barnacle,slime,algae",Fair,,,13.6,ME_FULLSPEED_CONSUMP_HSHFO,,1
S22,41,1702,17.8,17.96,59.8,19.15,15.7,15.6,177860.0,117396.0,4.0,1.0,16.0,15.0,7.0,2.0,9.0,7.0,5500.0,15.2,426.0,426.0,1.086,6.234,HIDDEN,HIDDEN,HIDDEN,HIDDEN,HIDDEN,HIDDEN,HIDDEN,HIDDEN,PREDICT,HIDDEN,HIDDEN,HIDDEN,HIDDEN,24.0,24.0,23,1,3,1,1,1,0,23,1,792,1,23,1,792,1,UWI+PP,inspection_plus_polishing,Good,"barnacle,slime,algae",Fair,,,13.6,ME_FULLSPEED_CONSUMP_HSHFO,,1
S22,41,1704,17.7,17.75,59.6,19.09,15.7,15.6,177641.0,117396.0,4.0,1.0,20.0,14.0,8.0,1.5,8.0,8.0,4200.0,15.2,424.0,424.0,0.434,7.01,HIDDEN,HIDDEN,HIDDEN,HIDDEN,HIDDEN,HIDDEN,HIDDEN,HIDDEN,PREDICT,HIDDEN,HIDDEN,HIDDEN,HIDDEN,24.0,24.0,25,1,3,1,1,1,0,25,1,794,1,25,1,794,1,UWI+PP,inspection_plus_polishing,Good,"barnacle,slime,algae",Fair,,,13.6,ME_FULLSPEED_CONSUMP_HSHFO,,1
S22,41,1707,17.1,17.25,60.3,19.31,15.7,15.6,177337.0,117396.0,4.0,1.0,29.0,12.0,13.0,1.5,15.0,13.0,3000.0,15.2,410.0,410.0,0.865,10.677,HIDDEN,HIDDEN,HIDDEN,HIDDEN,HIDDEN,HIDDEN,HIDDEN,HIDDEN,PREDICT,HIDDEN,HIDDEN,HIDDEN,HIDDEN,24.0,24.0,28,1,3,1,1,1,0,28,1,797,1,28,1,797,1,UWI+PP,inspection_plus_polishing,Good,"barnacle,slime,algae",Fair,,,13.6,ME_FULLSPEED_CONSUMP_HSHFO,,1
S23,28,780,16.5,16.33,54.8,16.97,14.8,14.8,166921.0,98810.0,4.0,0.5,28.0,12.0,2.0,0.5,0.0,2.0,1000.0,14.5,395.0,395.0,-0.737,3.731,HIDDEN,HIDDEN,HIDDEN,HIDDEN,HIDDEN,HIDDEN,HIDDEN,HIDDEN,PREDICT,HIDDEN,HIDDEN,HIDDEN,,24.0,24.0,10,1,1,1,1,1,0,780,0,780,0,10,1,780,0,UWI,underwater_inspection,Good,"barnacle,slime,calcium",,No,,,ME_FULLSPEED_CONSUMP_HSHFO,,1
S23,28,782,16.4,15.96,53.3,16.5,14.7,14.8,15554.4,98809.1,4.0,1.0,29.0,15.0,3.0,1.0,3.0,3.0,2000.0,14.3,393.0,393.0,-2.527,3.291,HIDDEN,HIDDEN,HIDDEN,HIDDEN,HIDDEN,HIDDEN,HIDDEN,HIDDEN,PREDICT,HIDDEN,HIDDEN,HIDDEN,,24.0,24.0,12,1,1,1,1,1,0,782,0,782,0,12,1,782,0,UWI,underwater_inspection,Good,"barnacle,slime,calcium",,No,,,ME_FULLSPEED_CONSUMP_HSHFO,,1
S23,28,784,15.7,15.96,53.2,16.47,14.7,14.8,165554.4,98809.1,4.0,1.0,30.0,12.0,1.0,1.0,1.0,2.0,2000.0,14.3,377.0,377.0,1.518,3.109,HIDDEN,HIDDEN,HIDDEN,HIDDEN,HIDDEN,HIDDEN,HIDDEN,HIDDEN,PREDICT,HIDDEN,HIDDEN,HIDDEN,,24.0,24.0,14,1,1,1,1,1,0,784,0,784,0,14,1,784,0,UWI,underwater_inspection,Good,"barnacle,slime,calcium",,No,,,ME_FULLSPEED_CONSUMP_HSHFO,,1
S23,28,785,16.1,16.16,53.5,16.56,14.7,14.8,165554.4,98809.1,4.0,1.0,29.0,15.0,2.0,1.0,1.0,2.0,2000.0,14.3,402.0,402.0,0.483,2.433,HIDDEN,HIDDEN,HIDDEN,HIDDEN,HIDDEN,HIDDEN,HIDDEN,HIDDEN,PREDICT,HIDDEN,HIDDEN,HIDDEN,,25.0,25.0,15,1,1,1,1,1,0,785,0,785,0,15,1,785,0,UWI,underwater_inspection,Good,"barnacle,slime,calcium",,No,,,ME_FULLSPEED_CONSUMP_HSHFO,,1
S23,28,788,16.3,16.96,55.8,17.28,14.7,14.8,165554.4,98809.1,4.0,1.0,27.0,15.0,2.0,1.0,2.0,2.0,1500.0,14.3,407.0,407.0,3.937,1.823,HIDDEN,HIDDEN,HIDDEN,HIDDEN,HIDDEN,HIDDEN,HIDDEN,HIDDEN,PREDICT,HIDDEN,HIDDEN,HIDDEN,,25.0,25.0,18,1,1,1,1,1,0,788,0,788,0,18,1,788,0,UWI,underwater_inspection,Good,"barnacle,slime,calcium",,No,,,ME_FULLSPEED_CONSUMP_HSHFO,,1
S23,28,790,16.1,16.12,53.5,16.56,14.7,14.8,165554.4,98809.1,3.0,0.5,27.0,10.0,6.0,1.0,6.0,6.0,500.0,14.3,403.0,403.0,0.0,2.675,HIDDEN,HIDDEN,HIDDEN,HIDDEN,HIDDEN,HIDDEN,HIDDEN,HIDDEN,PREDICT,HIDDEN,HIDDEN,HIDDEN,,25.0,25.0,20,1,1,1,1,1,0,790,0,790,0,20,1,790,0,UWI,underwater_inspection,Good,"barnacle,slime,calcium",,No,,,ME_FULLSPEED_CONSUMP_HSHFO,,1
S23,28,791,15.6,15.71,52.6,16.28,14.7,14.8,165554.4,98809.1,4.0,0.5,27.0,15.0,14.0,0.5,13.0,14.0,1000.0,14.3,375.0,375.0,0.51,3.537,HIDDEN,HIDDEN,HIDDEN,HIDDEN,HIDDEN,HIDDEN,HIDDEN,HIDDEN,PREDICT,HIDDEN,HIDDEN,HIDDEN,,24.0,24.0,21,1,1,1,1,1,0,791,0,791,0,21,1,791,0,UWI,underwater_inspection,Good,"barnacle,slime,calcium",,No,,,ME_FULLSPEED_CONSUMP_HSHFO,,1
S23,28,798,18.8,19.5,68.2,21.11,14.8,14.8,165554.4,98809.1,4.0,0.5,18.0,15.0,4.0,3.0,13.0,4.0,3500.0,14.5,451.0,451.0,3.353,7.644,HIDDEN,HIDDEN,HIDDEN,HIDDEN,HIDDEN,HIDDEN,HIDDEN,HIDDEN,PREDICT,HIDDEN,HIDDEN,HIDDEN,,24.0,24.0,28,1,1,1,1,1,0,798,0,798,0,28,1,798,0,UWI,underwater_inspection,Good,"barnacle,slime,calcium",,No,,,ME_FULLSPEED_CONSUMP_HSHFO,,1
S23,34,1307,15.9,17.08,59.0,18.27,14.8,15.2,168645.0,109507.0,4.0,0.5,29.0,15.0,7.0,0.5,8.0,8.0,70.0,14.5,382.0,382.0,6.383,6.477,HIDDEN,HIDDEN,HIDDEN,HIDDEN,HIDDEN,HIDDEN,HIDDEN,HIDDEN,PREDICT,HIDDEN,HIDDEN,HIDDEN,HIDDEN,24.0,24.0,3,1,2,1,1,1,0,3,1,1307,0,3,1,1307,0,UWI+PP,inspection_plus_polishing,Good,"barnacle,algae",Good,No,13.5,14.4,ME_FULLSPEED_CONSUMP_HSHFO,,1
S23,34,1312,15.5,15.33,54.9,17.0,15.0,15.8,174744.0,114120.0,2.0,2.0,29.0,10.0,9.0,2.0,8.0,8.0,4100.0,15.0,371.0,371.0,-0.736,9.785,HIDDEN,HIDDEN,HIDDEN,HIDDEN,HIDDEN,HIDDEN,HIDDEN,HIDDEN,PREDICT,HIDDEN,HIDDEN,HIDDEN,HIDDEN,24.0,24.0,8,1,2,1,1,1,0,8,1,1312,0,8,1,1312,0,UWI+PP,inspection_plus_polishing,Good,"barnacle,algae",Good,No,13.5,14.4,ME_FULLSPEED_CONSUMP_HSHFO,,1
S23,34,1323,17.6,16.88,62.9,19.47,14.8,15.8,175151.0,114121.0,3.0,6.0,22.0,10.0,15.0,6.0,8.0,8.0,4120.0,14.8,423.0,423.0,-3.852,13.342,HIDDEN,HIDDEN,HIDDEN,HIDDEN,HIDDEN,HIDDEN,HIDDEN,HIDDEN,PREDICT,HIDDEN,HIDDEN,HIDDEN,,24.0,24.0,19,1,2,1,1,1,0,19,1,1323,0,19,1,1323,0,UWI+PP,inspection_plus_polishing,Good,"barnacle,algae",Good,No,13.5,14.4,ME_FULLSPEED_CONSUMP_HSHFO,,1
S23,34,1326,15.2,15.63,56.5,17.49,14.8,15.8,175151.0,114121.0,3.0,4.0,21.0,10.0,6.0,4.0,10.0,10.0,3500.0,14.8,365.0,365.0,2.384,10.673,HIDDEN,HIDDEN,HIDDEN,HIDDEN,HIDDEN,HIDDEN,HIDDEN,HIDDEN,PREDICT,HIDDEN,HIDDEN,HIDDEN,,24.0,24.0,22,1,2,1,1,1,0,22,1,1326,0,22,1,1326,0,UWI+PP,inspection_plus_polishing,Good,"barnacle,algae",Good,No,13.5,14.4,ME_FULLSPEED_CONSUMP_HSHFO,,1
S23,34,1329,16.1,16.5,56.3,17.43,15.1,15.7,175151.0,114121.0,4.0,2.0,19.0,15.0,6.0,2.0,10.0,10.0,3521.0,15.0,386.0,386.0,2.392,5.336,HIDDEN,HIDDEN,HIDDEN,HIDDEN,HIDDEN,HIDDEN,HIDDEN,HIDDEN,PREDICT,HIDDEN,HIDDEN,HIDDEN,,24.0,24.0,25,1,2,1,1,1,0,25,1,1329,0,25,1,1329,0,UWI+PP,inspection_plus_polishing,Good,"barnacle,algae",Good,No,13.5,14.4,ME_FULLSPEED_CONSUMP_HSHFO,,1
S23,34,1332,15.7,16.58,56.5,17.49,15.1,15.7,175151.0,114121.0,4.0,1.0,24.0,15.0,6.0,1.0,8.0,8.0,4005.0,15.0,376.0,376.0,5.236,5.197,HIDDEN,HIDDEN,HIDDEN,HIDDEN,HIDDEN,HIDDEN,HIDDEN,HIDDEN,PREDICT,HIDDEN,HIDDEN,HIDDEN,,24.0,24.0,28,1,2,1,1,1,0,28,1,1332,0,28,1,1332,0,UWI+PP,inspection_plus_polishing,Good,"barnacle,algae",Good,No,13.5,14.4,ME_FULLSPEED_CONSUMP_HSHFO,,1
S23,34,1334,15.4,16.0,56.0,17.34,15.2,15.8,178550.0,114121.0,4.0,1.0,27.0,15.0,9.0,1.0,8.0,8.0,3110.0,15.1,370.0,370.0,3.363,7.712,HIDDEN,HIDDEN,HIDDEN,HIDDEN,HIDDEN,HIDDEN,HIDDEN,HIDDEN,PREDICT,HIDDEN,HIDDEN,HIDDEN,,24.0,24.0,30,1,2,1,1,1,0,30,1,1334,0,30,1,1334,0,UWI+PP,inspection_plus_polishing,Good,"barnacle,algae",Good,No,13.5,14.4,ME_FULLSPEED_CONSUMP_HSHFO,,1
S23,35,1495,17.4,17.96,60.6,18.76,14.2,14.2,160967.0,98374.0,4.0,1.0,18.0,15.0,14.0,1.5,12.0,14.0,3090.0,14.0,417.0,417.0,3.108,4.28,HIDDEN,HIDDEN,HIDDEN,HIDDEN,HIDDEN,HIDDEN,HIDDEN,HIDDEN,PREDICT,HIDDEN,HIDDEN,HIDDEN,HIDDEN,24.0,24.0,12,1,3,1,1,1,0,12,1,12,1,191,1,1495,0,UWC+PP,cleaning_plus_polishing,,"slime, algae, barnacle",Good,,,,ME_FULLSPEED_CONSUMP_HSHFO,,1
S23,35,1497,17.5,18.33,61.1,18.92,14.56,14.11,160449.0,98346.0,3.0,0.5,16.0,10.0,4.0,1.0,6.0,4.0,2747.0,13.97,419.0,419.0,4.626,3.082,HIDDEN,HIDDEN,HIDDEN,HIDDEN,HIDDEN,HIDDEN,HIDDEN,HIDDEN,PREDICT,HIDDEN,HIDDEN,HIDDEN,HIDDEN,24.0,24.0,14,1,3,1,1,1,0,14,1,14,1,193,1,1497,0,UWC+PP,cleaning_plus_polishing,,"slime, algae, barnacle",Good,,,,ME_FULLSPEED_CONSUMP_HSHFO,,1
S23,35,1498,17.6,18.64,62.3,19.29,14.56,14.11,160449.0,98346.0,4.0,1.0,16.0,14.0,10.0,1.5,8.0,10.0,1790.0,13.97,439.0,439.0,5.599,3.355,HIDDEN,HIDDEN,HIDDEN,HIDDEN,HIDDEN,HIDDEN,HIDDEN,HIDDEN,PREDICT,HIDDEN,HIDDEN,HIDDEN,HIDDEN,25.0,25.0,15,1,3,1,1,1,0,15,1,15,1,194,1,1498,0,UWC+PP,cleaning_plus_polishing,,"slime, algae, barnacle",Good,,,,ME_FULLSPEED_CONSUMP_HSHFO,,1
S23,35,1500,17.9,18.38,61.1,18.92,14.56,14.11,160449.0,98346.0,4.0,1.0,18.0,14.0,2.0,1.5,4.0,2.0,1790.0,13.97,430.0,430.0,2.421,2.86,HIDDEN,HIDDEN,HIDDEN,HIDDEN,HIDDEN,HIDDEN,HIDDEN,HIDDEN,PREDICT,HIDDEN,HIDDEN,HIDDEN,HIDDEN,24.0,24.0,17,1,3,1,1,1,0,17,1,17,1,196,1,1500,0,UWC+PP,cleaning_plus_polishing,,"slime, algae, barnacle",Good,,,,ME_FULLSPEED_CONSUMP_HSHFO,,1
S23,35,1504,17.6,17.5,60.2,18.64,14.56,14.11,160449.0,98346.0,4.0,1.0,30.0,14.0,8.0,1.5,10.0,8.0,4690.0,13.97,422.0,422.0,-0.446,6.101,HIDDEN,HIDDEN,HIDDEN,HIDDEN,HIDDEN,HIDDEN,HIDDEN,HIDDEN,PREDICT,HIDDEN,HIDDEN,HIDDEN,HIDDEN,24.0,24.0,21,1,3,1,1,1,0,21,1,21,1,200,1,1504,0,UWC+PP,cleaning_plus_polishing,,"slime, algae, barnacle",Good,,,,ME_FULLSPEED_CONSUMP_HSHFO,,1
S23,35,1505,17.1,17.21,59.7,18.48,14.5,14.11,160449.0,98346.0,4.0,1.0,29.0,15.0,8.0,2.0,7.0,8.0,3822.0,13.97,410.0,410.0,0.677,6.898,HIDDEN,HIDDEN,HIDDEN,HIDDEN,HIDDEN,HIDDEN,HIDDEN,HIDDEN,PREDICT,HIDDEN,HIDDEN,HIDDEN,HIDDEN,24.0,24.0,22,1,3,1,1,1,0,22,1,22,1,201,1,1505,0,UWC+PP,cleaning_plus_polishing,,"slime, algae, barnacle",Good,,,,ME_FULLSPEED_CONSUMP_HSHFO,,1
S23,35,1511,16.4,17.13,60.7,18.79,14.56,14.11,160449.0,98374.0,4.0,0.5,21.0,12.0,15.0,2.0,10.0,15.0,860.0,13.97,378.0,378.0,3.699,8.844,HIDDEN,HIDDEN,HIDDEN,HIDDEN,HIDDEN,HIDDEN,HIDDEN,HIDDEN,PREDICT,HIDDEN,HIDDEN,HIDDEN,HIDDEN,23.0,23.0,28,1,3,1,1,1,0,28,1,28,1,207,1,1511,0,UWC+PP,cleaning_plus_polishing,,"slime, algae, barnacle",Good,,,,ME_FULLSPEED_CONSUMP_HSHFO,,1
S23,36,1544,17.5,19.25,64.3,19.91,13.4,13.5,145481.0,76334.0,4.0,1.0,21.0,12.0,6.0,1.5,8.0,6.0,55.0,13.05,420.0,420.0,8.791,3.3,HIDDEN,HIDDEN,HIDDEN,HIDDEN,HIDDEN,HIDDEN,HIDDEN,HIDDEN,PREDICT,HIDDEN,HIDDEN,HIDDEN,HIDDEN,24.0,24.0,9,1,4,1,2,2,0,61,1,9,1,240,1,1544,0,UWC,underwater_cleaning,,"slime,algae",Good,,10.6,11.8,ME_FULLSPEED_CONSUMP_HSHFO,,1
S23,36,1548,14.0,14.04,45.7,14.15,13.9,14.2,156419.0,91689.0,4.0,0.5,27.0,12.0,2.0,1.5,4.0,2.0,90.0,13.8,336.0,336.0,0.297,0.749,HIDDEN,HIDDEN,HIDDEN,HIDDEN,HIDDEN,HIDDEN,HIDDEN,HIDDEN,PREDICT,HIDDEN,HIDDEN,HIDDEN,HIDDEN,24.0,24.0,13,1,4,1,2,2,0,65,1,13,1,244,1,1548,0,UWC,underwater_cleaning,,"slime,algae",Good,,10.6,11.8,ME_FULLSPEED_CONSUMP_HSHFO,,1
S23,36,1549,13.8,13.71,45.0,13.93,13.2,14.2,150900.0,91689.0,3.0,0.5,27.0,10.0,1.0,1.0,2.0,1.0,50.0,13.3,330.0,330.0,-0.302,1.608,HIDDEN,HIDDEN,HIDDEN,HIDDEN,HIDDEN,HIDDEN,HIDDEN,HIDDEN,PREDICT,HIDDEN,HIDDEN,HIDDEN,HIDDEN,24.0,24.0,14,1,4,1,2,2,0,66,1,14,1,245,1,1549,0,UWC,underwater_cleaning,,"slime,algae",Good,,10.6,11.8,ME_FULLSPEED_CONSUMP_HSHFO,,1
S23,36,1554,17.0,16.96,60.6,18.76,16.04,15.69,182518.0,118932.0,4.0,1.0,30.0,12.0,10.0,2.0,9.0,10.0,4250.0,15.41,407.0,407.0,0.0,9.61,HIDDEN,HIDDEN,HIDDEN,HIDDEN,HIDDEN,HIDDEN,HIDDEN,HIDDEN,PREDICT,HIDDEN,HIDDEN,HIDDEN,HIDDEN,24.0,24.0,19,1,4,1,2,2,0,71,1,19,1,250,1,1554,0,UWC,underwater_cleaning,,"slime,algae",Good,,10.6,11.8,ME_FULLSPEED_CONSUMP_HSHFO,,1
S23,36,1560,17.7,17.88,62.2,19.26,16.04,15.69,182518.0,118932.0,4.0,0.5,28.0,14.0,4.0,2.0,9.0,4.0,3770.0,15.41,442.0,442.0,1.038,7.146,HIDDEN,HIDDEN,HIDDEN,HIDDEN,HIDDEN,HIDDEN,HIDDEN,HIDDEN,PREDICT,HIDDEN,HIDDEN,HIDDEN,HIDDEN,25.0,25.0,25,1,4,1,2,2,0,77,1,25,1,256,1,1560,0,UWC,underwater_cleaning,,"slime,algae",Good,,10.6,11.8,ME_FULLSPEED_CONSUMP_HSHFO,,1
S23,36,1561,17.3,17.75,61.8,19.13,16.04,15.69,182518.0,118932.0,4.0,1.0,28.0,12.0,5.0,2.0,9.0,5.0,4200.0,15.41,415.0,415.0,2.394,7.228,HIDDEN,HIDDEN,HIDDEN,HIDDEN,HIDDEN,HIDDEN,HIDDEN,HIDDEN,PREDICT,HIDDEN,HIDDEN,HIDDEN,HIDDEN,24.0,24.0,26,1,4,1,2,2,0,78,1,26,1,257,1,1561,0,UWC,underwater_cleaning,,"slime,algae",Good,,10.6,11.8,ME_FULLSPEED_CONSUMP_HSHFO,,1
S23,36,1565,17.0,16.88,62.1,19.23,16.04,15.69,182518.0,118932.0,4.0,1.0,20.0,15.0,6.0,3.5,10.0,6.0,150.0,15.41,426.0,426.0,-0.832,12.202,HIDDEN,HIDDEN,HIDDEN,HIDDEN,HIDDEN,HIDDEN,HIDDEN,HIDDEN,PREDICT,HIDDEN,HIDDEN,HIDDEN,HIDDEN,25.0,25.0,30,1,4,1,2,2,0,82,1,30,1,261,1,1565,0,UWC,underwater_cleaning,,"slime,algae",Good,,10.6,11.8,ME_FULLSPEED_CONSUMP_HSHFO,,1
S23,37,1666,16.7,17.04,61.3,18.98,15.7,15.8,181542.0,113069.0,4.0,1.0,29.0,15.0,11.0,1.0,10.0,11.0,2530.0,15.5,401.0,401.0,1.76,10.201,HIDDEN,HIDDEN,HIDDEN,HIDDEN,HIDDEN,HIDDEN,HIDDEN,HIDDEN,PREDICT,HIDDEN,HIDDEN,HIDDEN,HIDDEN,24.0,24.0,9,1,5,1,1,2,0,9,1,131,1,9,1,1666,0,UWI+PP,inspection_plus_polishing,Good,"barnacle,slime,algae",,,13.0,14.0,ME_FULLSPEED_CONSUMP_HSHFO,,1
S23,37,1667,17.3,17.5,64.1,19.85,15.7,15.8,181542.0,113069.0,4.0,1.2,29.0,15.0,8.0,1.2,7.0,7.0,2600.0,15.5,414.0,414.0,1.259,11.817,HIDDEN,HIDDEN,HIDDEN,HIDDEN,HIDDEN,HIDDEN,HIDDEN,HIDDEN,PREDICT,HIDDEN,HIDDEN,HIDDEN,HIDDEN,24.0,24.0,10,1,5,1,1,2,0,10,1,132,1,10,1,1667,0,UWI+PP,inspection_plus_polishing,Good,"barnacle,slime,algae",,,13.0,14.0,ME_FULLSPEED_CONSUMP_HSHFO,,1
S23,37,1680,18.6,18.88,64.4,19.94,15.7,15.8,181542.0,113069.0,4.0,1.5,16.0,15.0,6.0,1.5,7.0,6.0,1120.0,15.5,447.0,447.0,1.253,5.332,HIDDEN,HIDDEN,HIDDEN,HIDDEN,HIDDEN,HIDDEN,HIDDEN,HIDDEN,PREDICT,HIDDEN,HIDDEN,HIDDEN,HIDDEN,24.0,24.0,23,1,5,1,1,2,0,23,1,145,1,23,1,1680,0,UWI+PP,inspection_plus_polishing,Good,"barnacle,slime,algae",,,13.0,14.0,ME_FULLSPEED_CONSUMP_HSHFO,,1
S23,37,1684,17.8,18.04,62.0,19.2,15.7,15.8,181542.0,113069.0,4.0,1.0,23.0,14.0,5.0,1.0,5.0,6.0,2500.0,15.5,427.0,427.0,1.302,6.007,HIDDEN,HIDDEN,HIDDEN,HIDDEN,HIDDEN,HIDDEN,HIDDEN,HIDDEN,PREDICT,HIDDEN,HIDDEN,HIDDEN,HIDDEN,24.0,24.0,27,1,5,1,1,2,0,27,1,149,1,27,1,1684,0,UWI+PP,inspection_plus_polishing,Good,"barnacle,slime,algae",,,13.0,14.0,ME_FULLSPEED_CONSUMP_HSHFO,,1
S23,37,1685,17.5,18.04,61.0,18.89,15.7,15.8,181542.0,113069.0,4.0,1.2,24.0,15.0,6.0,1.2,7.0,6.0,3230.0,15.5,419.0,419.0,3.092,4.464,HIDDEN,HIDDEN,HIDDEN,HIDDEN,HIDDEN,HIDDEN,HIDDEN,HIDDEN,PREDICT,HIDDEN,HIDDEN,HIDDEN,HIDDEN,24.0,24.0,28,1,5,1,1,2,0,28,1,150,1,28,1,1685,0,UWI+PP,inspection_plus_polishing,Good,"barnacle,slime,algae",,,13.0,14.0,ME_FULLSPEED_CONSUMP_HSHFO,,1
S23,37,1686,14.9,15.13,52.0,16.1,15.7,15.8,181542.0,113069.0,4.0,1.2,26.0,16.0,9.0,1.2,10.0,10.0,4310.0,15.5,358.0,358.0,1.292,6.05,HIDDEN,HIDDEN,HIDDEN,HIDDEN,,HIDDEN,HIDDEN,HIDDEN,PREDICT,HIDDEN,HIDDEN,HIDDEN,HIDDEN,24.0,24.0,29,1,5,1,1,2,0,29,1,151,1,29,1,1686,0,UWI+PP,inspection_plus_polishing,Good,"barnacle,slime,algae",,,13.0,14.0,ME_FULLSPEED_CONSUMP_HSHFO,,1
S21,32,136,10.6,10.6,37.9,12.1,12.45,12.45,,60600.0,4.0,,,,13.0,,,,42.0,,264.0,264.0,,,HIDDEN,,,HIDDEN,HIDDEN,,HIDDEN,,HIDDEN,HIDDEN,PREDICT,HIDDEN,,25.0,25.0,2,1,1,1,1,1,0,2,1,2,1,136,0,136,0,UWC+PP,cleaning_plus_polishing,Good,"barnacle,slime,algae",Good,Yes,12.5,13.2,ME_FULLSPEED_CONSUMP_VLSFO,,1
S21,32,144,18.0,18.46,63.5,20.3,13.4,13.6,,91156.0,3.0,,,,1.0,,,,30.0,,433.0,433.0,,,HIDDEN,,,HIDDEN,HIDDEN,,HIDDEN,,HIDDEN,HIDDEN,PREDICT,HIDDEN,,24.0,24.0,10,1,1,1,1,1,0,10,1,10,1,144,0,144,0,UWC+PP,cleaning_plus_polishing,Good,"barnacle,slime,algae",Good,Yes,12.5,13.2,ME_FULLSPEED_CONSUMP_VLSFO,,1
S21,32,149,16.5,16.66,59.4,19.0,14.4,14.6,,104227.0,4.0,,,,10.0,,,,109.0,,396.0,396.0,,,HIDDEN,,,HIDDEN,HIDDEN,,HIDDEN,,HIDDEN,HIDDEN,PREDICT,HIDDEN,,24.0,24.0,15,1,1,1,1,1,0,15,1,15,1,149,0,149,0,UWC+PP,cleaning_plus_polishing,Good,"barnacle,slime,algae",Good,Yes,12.5,13.2,ME_FULLSPEED_CONSUMP_VLSFO,,1
S21,32,150,19.8,19.58,71.3,22.8,14.4,14.6,,104227.0,4.0,,,,6.0,,,,21.0,,475.0,475.0,,,HIDDEN,,,HIDDEN,HIDDEN,,HIDDEN,,HIDDEN,HIDDEN,PREDICT,HIDDEN,,24.0,24.0,16,1,1,1,1,1,0,16,1,16,1,150,0,150,0,UWC+PP,cleaning_plus_polishing,Good,"barnacle,slime,algae",Good,Yes,12.5,13.2,ME_FULLSPEED_CONSUMP_VLSFO,,1
S21,32,157,15.1,14.88,56.0,17.9,15.7,15.35,,115171.0,4.0,,,,11.0,,,,2000.0,,378.0,378.0,,,HIDDEN,,,HIDDEN,HIDDEN,,HIDDEN,,HIDDEN,HIDDEN,PREDICT,HIDDEN,,25.0,25.0,23,1,1,1,1,1,0,23,1,23,1,157,0,157,0,UWC+PP,cleaning_plus_polishing,Good,"barnacle,slime,algae",Good,Yes,12.5,13.2,ME_FULLSPEED_CONSUMP_VLSFO,,1
S21,32,162,15.1,15.27,57.8,18.5,15.3,16.0,,115171.0,4.0,,,,10.0,,,,1800.0,,362.1,362.1,,,HIDDEN,,,HIDDEN,HIDDEN,,HIDDEN,,HIDDEN,HIDDEN,PREDICT,HIDDEN,,24.0,24.0,28,1,1,1,1,1,0,28,1,28,1,162,0,162,0,UWC+PP,cleaning_plus_polishing,Good,"barnacle,slime,algae",Good,Yes,12.5,13.2,ME_FULLSPEED_CONSUMP_VLSFO,,1
S21,40,960,8.4,8.42,36.7,11.75,6.3,10.35,77392.0,18794.0,3.0,0.5,28.0,8.0,4.0,0.5,2.0,10.0,51.0,7.85,202.0,202.0,0.0,28.39,HIDDEN,HIDDEN,HIDDEN,HIDDEN,HIDDEN,HIDDEN,HIDDEN,HIDDEN,HIDDEN,HIDDEN,PREDICT,HIDDEN,,24.0,24.0,10,1,2,1,1,1,0,826,1,10,1,960,0,10,1,DD,dry_dock,,,,,,,ME_FULLSPEED_CONSUMP_VLSFO,,1
S21,40,961,1.8,2.67,10.4,3.33,6.3,10.35,77392.0,18794.0,3.0,1.0,28.0,8.0,8.0,1.0,11.0,1.0,51.0,7.85,42.0,42.0,27.529,19.934,HIDDEN,HIDDEN,HIDDEN,HIDDEN,HIDDEN,HIDDEN,HIDDEN,HIDDEN,HIDDEN,HIDDEN,PREDICT,HIDDEN,,24.0,24.0,11,1,2,1,1,1,0,827,1,11,1,961,0,11,1,DD,dry_dock,,,,,,,ME_FULLSPEED_CONSUMP_VLSFO,,1
S21,40,962,4.2,4.17,31.1,9.96,6.8,10.45,81092.0,18794.0,4.0,0.5,28.0,12.0,10.0,0.5,0.0,8.0,98.0,8.15,100.0,100.0,0.0,58.163,HIDDEN,HIDDEN,HIDDEN,HIDDEN,HIDDEN,HIDDEN,HIDDEN,HIDDEN,HIDDEN,HIDDEN,PREDICT,HIDDEN,,24.0,24.0,12,1,2,1,1,1,0,828,1,12,1,962,0,12,1,DD,dry_dock,,,,,,,ME_FULLSPEED_CONSUMP_VLSFO,,1
S21,40,967,17.1,17.08,58.3,18.67,11.5,12.6,122844.0,63851.0,3.0,0.5,29.0,10.0,4.0,0.5,2.0,10.0,30.0,11.6,410.0,410.0,0.0,8.51,HIDDEN,HIDDEN,HIDDEN,HIDDEN,HIDDEN,HIDDEN,HIDDEN,HIDDEN,HIDDEN,HIDDEN,PREDICT,HIDDEN,,24.0,24.0,17,1,2,1,1,1,0,833,1,17,1,967,0,17,1,DD,dry_dock,,,,,,,ME_FULLSPEED_CONSUMP_VLSFO,,1
S21,40,970,17.9,17.92,60.7,19.44,12.5,14.3,142059.0,83414.0,2.0,1.5,30.0,5.0,4.0,1.5,0.0,8.0,300.0,12.9,430.0,430.0,0.0,7.834,HIDDEN,HIDDEN,HIDDEN,HIDDEN,HIDDEN,HIDDEN,HIDDEN,HIDDEN,PREDICT,HIDDEN,HIDDEN,HIDDEN,,24.0,24.0,20,1,2,1,1,1,0,836,1,20,1,970,0,20,1,DD,dry_dock,,,,,,,ME_FULLSPEED_CONSUMP_HSHFO,,1
S21,40,971,16.7,16.83,59.6,19.09,13.0,14.0,146019.0,83414.0,4.0,1.5,30.0,15.0,10.0,1.5,10.0,6.0,45.0,13.05,401.0,401.0,0.655,11.814,HIDDEN,HIDDEN,HIDDEN,HIDDEN,HIDDEN,HIDDEN,HIDDEN,HIDDEN,PREDICT,HIDDEN,HIDDEN,HIDDEN,,24.0,24.0,21,1,2,1,1,1,0,837,1,21,1,971,0,21,1,DD,dry_dock,,,,,,,ME_FULLSPEED_CONSUMP_HSHFO,,1
S21,40,978,17.9,17.96,63.9,20.47,15.2,15.5,173514.0,116028.0,3.0,1.0,29.0,10.0,12.0,1.0,12.0,12.0,200.0,14.9,429.0,429.0,0.406,12.25,HIDDEN,HIDDEN,HIDDEN,HIDDEN,HIDDEN,HIDDEN,HIDDEN,HIDDEN,PREDICT,HIDDEN,HIDDEN,HIDDEN,,24.0,24.0,28,1,2,1,1,1,0,844,1,28,1,978,0,28,1,DD,dry_dock,,,,,,,ME_FULLSPEED_CONSUMP_HSHFO,,1
S21,40,980,18.4,18.08,63.8,20.43,15.2,15.5,173514.0,116028.0,3.0,1.0,29.0,10.0,10.0,1.0,10.0,10.0,4000.0,14.9,459.0,459.0,-1.371,11.516,HIDDEN,HIDDEN,HIDDEN,HIDDEN,HIDDEN,HIDDEN,HIDDEN,HIDDEN,PREDICT,HIDDEN,HIDDEN,HIDDEN,,25.0,25.0,30,1,2,1,1,1,0,846,1,30,1,980,0,30,1,DD,dry_dock,,,,,,,ME_FULLSPEED_CONSUMP_HSHFO,,1
S21,40,982,17.4,17.72,63.9,20.47,15.2,15.5,173514.0,116028.0,4.0,0.5,30.0,13.0,10.0,0.5,10.0,12.0,2000.0,14.9,434.0,434.0,1.759,13.413,HIDDEN,HIDDEN,HIDDEN,HIDDEN,HIDDEN,HIDDEN,HIDDEN,HIDDEN,PREDICT,HIDDEN,HIDDEN,HIDDEN,,25.0,25.0,32,1,2,0,1,1,0,848,1,32,1,982,0,32,1,DD,dry_dock,,,,,,,ME_FULLSPEED_CONSUMP_HSHFO,,1
S21,40,983,18.3,18.25,63.9,20.47,15.2,15.5,173514.0,116028.0,3.0,0.5,32.0,10.0,6.0,0.5,14.0,12.0,150.0,14.9,440.0,440.0,-0.405,10.823,HIDDEN,HIDDEN,HIDDEN,HIDDEN,HIDDEN,HIDDEN,HIDDEN,HIDDEN,PREDICT,HIDDEN,HIDDEN,HIDDEN,,24.0,24.0,33,1,2,0,1,1,0,849,1,33,1,983,0,33,1,DD,dry_dock,,,,,,,ME_FULLSPEED_CONSUMP_HSHFO,,1
S21,40,1008,0.0,0.04,29.3,9.38,13.3,13.7,146893.0,87776.0,2.0,1.0,31.0,6.0,0.0,1.0,0.0,12.0,800.0,13.21,1.0,1.0,0.0,99.552,HIDDEN,HIDDEN,HIDDEN,HIDDEN,HIDDEN,HIDDEN,HIDDEN,HIDDEN,PREDICT,HIDDEN,HIDDEN,HIDDEN,,24.0,24.0,5,1,3,1,2,2,0,874,1,58,1,5,1,58,1,UWI,underwater_inspection,,,,,,,ME_FULLSPEED_CONSUMP_HSHFO,,1
S21,40,1014,12.3,12.3,43.0,13.77,12.6,13.1,137534.0,78766.0,2.0,0.5,30.0,6.0,8.0,0.5,8.0,0.0,100.0,12.6,284.0,284.0,-0.319,10.659,HIDDEN,HIDDEN,HIDDEN,HIDDEN,HIDDEN,HIDDEN,HIDDEN,HIDDEN,PREDICT,HIDDEN,HIDDEN,HIDDEN,,23.0,23.0,11,1,3,1,2,2,0,880,1,64,1,11,1,64,1,UWI,underwater_inspection,,,,,,,ME_FULLSPEED_CONSUMP_HSHFO,,1
S21,40,1017,17.0,15.92,53.7,17.2,12.6,13.1,137534.0,78766.0,2.0,0.2,28.0,5.0,6.0,0.2,8.0,8.0,3000.0,12.3,409.0,409.0,-6.541,7.454,HIDDEN,HIDDEN,HIDDEN,HIDDEN,HIDDEN,HIDDEN,HIDDEN,HIDDEN,PREDICT,HIDDEN,HIDDEN,HIDDEN,,24.0,24.0,14,1,3,1,2,2,0,883,1,67,1,14,1,67,1,UWI,underwater_inspection,,,,,,,ME_FULLSPEED_CONSUMP_HSHFO,,1
S21,40,1018,15.8,15.65,52.7,16.88,12.6,13.1,137534.0,78766.0,3.0,0.3,30.0,10.0,12.0,0.3,12.0,12.0,4000.0,12.6,364.0,364.0,-1.031,7.264,HIDDEN,HIDDEN,HIDDEN,HIDDEN,HIDDEN,HIDDEN,HIDDEN,HIDDEN,PREDICT,HIDDEN,HIDDEN,HIDDEN,,23.0,23.0,15,1,3,1,2,2,0,884,1,68,1,15,1,68,1,UWI,underwater_inspection,,,,,,,ME_FULLSPEED_CONSUMP_HSHFO,,1
S21,40,1021,17.0,16.67,55.4,17.74,12.6,13.1,137534.0,78766.0,2.0,0.5,28.0,5.0,8.0,0.5,8.0,8.0,2000.0,12.6,409.0,409.0,-2.113,6.064,HIDDEN,HIDDEN,HIDDEN,HIDDEN,HIDDEN,HIDDEN,HIDDEN,HIDDEN,PREDICT,HIDDEN,HIDDEN,HIDDEN,,24.0,24.0,18,1,3,1,2,2,0,887,1,71,1,18,1,71,1,UWI,underwater_inspection,,,,,,,ME_FULLSPEED_CONSUMP_HSHFO,,1
S21,40,1023,16.3,16.39,54.6,17.49,12.8,13.1,138514.0,78766.0,2.0,0.1,29.0,5.0,12.0,0.11,8.0,11.0,50.0,12.6,376.0,376.0,0.245,6.268,HIDDEN,HIDDEN,HIDDEN,HIDDEN,HIDDEN,HIDDEN,HIDDEN,HIDDEN,PREDICT,HIDDEN,HIDDEN,HIDDEN,,23.0,23.0,20,1,3,1,2,2,0,889,1,73,1,20,1,73,1,UWI,underwater_inspection,,,,,,,ME_FULLSPEED_CONSUMP_HSHFO,,1
S21,40,1029,14.3,14.21,49.3,15.79,11.0,12.6,122727.0,55789.0,4.0,1.0,30.0,16.0,2.0,1.0,2.0,2.0,3000.0,11.4,344.0,344.0,-0.791,10.013,HIDDEN,HIDDEN,HIDDEN,HIDDEN,HIDDEN,HIDDEN,HIDDEN,HIDDEN,PREDICT,HIDDEN,HIDDEN,HIDDEN,,24.0,24.0,26,1,3,1,2,2,0,895,1,79,1,26,1,79,1,UWI,underwater_inspection,,,,,,,ME_FULLSPEED_CONSUMP_HSHFO,,1
S21,40,1034,11.9,11.71,38.0,12.17,11.5,12.1,122413.0,55672.0,2.0,0.5,23.0,5.0,10.0,0.5,10.0,10.0,120.0,11.4,271.0,271.0,-1.438,3.772,HIDDEN,HIDDEN,HIDDEN,HIDDEN,HIDDEN,HIDDEN,HIDDEN,HIDDEN,PREDICT,HIDDEN,HIDDEN,HIDDEN,,22.8,24.0,31,1,3,0,2,2,0,900,1,84,1,31,1,84,1,UWI,underwater_inspection,,,,,,,ME_FULLSPEED_CONSUMP_HSHFO,,1
S21,44,1396,18.2,17.38,64.6,20.69,15.0,15.0,167940.5,106285.7,3.0,0.3,30.0,8.0,10.0,0.5,10.0,10.0,59.0,14.75,436.0,436.0,-3.828,16.018,HIDDEN,HIDDEN,HIDDEN,HIDDEN,HIDDEN,HIDDEN,HIDDEN,HIDDEN,PREDICT,HIDDEN,HIDDEN,HIDDEN,,24.0,24.0,13,1,4,1,1,1,0,13,1,446,1,13,1,446,1,UWI+PP,inspection_plus_polishing,,,,,,,ME_FULLSPEED_CONSUMP_HSHFO,,1
S21,44,1401,17.7,17.08,61.6,19.73,16.0,16.0,184118.3,124295.6,3.0,0.3,31.0,8.0,6.0,0.0,0.0,6.0,4100.0,15.65,443.0,443.0,-3.244,13.427,HIDDEN,HIDDEN,HIDDEN,HIDDEN,HIDDEN,HIDDEN,HIDDEN,HIDDEN,PREDICT,HIDDEN,HIDDEN,HIDDEN,,25.0,25.0,18,1,4,1,1,1,0,18,1,451,1,18,1,451,1,UWI+PP,inspection_plus_polishing,,,,,,,ME_FULLSPEED_CONSUMP_HSHFO,,1
S21,44,1407,16.8,16.38,58.6,18.77,16.0,16.0,184118.3,124295.6,3.0,0.2,26.0,10.0,3.0,1.0,6.0,3.0,4000.0,15.65,404.0,404.0,-2.44,12.75,HIDDEN,HIDDEN,HIDDEN,HIDDEN,HIDDEN,HIDDEN,HIDDEN,HIDDEN,PREDICT,HIDDEN,HIDDEN,HIDDEN,,24.0,24.0,24,1,4,1,1,1,0,24,1,457,1,24,1,457,1,UWI+PP,inspection_plus_polishing,,,,,,,ME_FULLSPEED_CONSUMP_HSHFO,,1
S21,44,1409,16.7,16.42,59.6,19.09,16.26,15.78,185094.0,124295.6,3.0,0.2,24.0,8.0,2.0,0.5,6.0,2.0,4800.0,15.72,400.0,400.0,-1.31,13.993,HIDDEN,HIDDEN,HIDDEN,HIDDEN,HIDDEN,HIDDEN,HIDDEN,HIDDEN,PREDICT,HIDDEN,HIDDEN,HIDDEN,,24.0,24.0,26,1,4,1,1,1,0,26,1,459,1,26,1,459,1,UWI+PP,inspection_plus_polishing,,,,,,,ME_FULLSPEED_CONSUMP_HSHFO,,1
S21,44,1414,17.1,17.08,58.8,18.83,16.26,15.87,185094.0,124295.6,3.0,0.3,19.0,10.0,8.0,0.3,8.0,8.0,3000.0,15.72,427.0,427.0,0.0,9.303,HIDDEN,HIDDEN,HIDDEN,HIDDEN,HIDDEN,HIDDEN,HIDDEN,HIDDEN,PREDICT,HIDDEN,HIDDEN,HIDDEN,,25.0,25.0,31,1,4,0,1,1,0,31,1,464,1,31,1,464,1,UWI+PP,inspection_plus_polishing,,,,,,,ME_FULLSPEED_CONSUMP_HSHFO,,1
S21,44,1416,17.2,17.13,59.3,18.99,16.26,15.87,185094.0,124295.6,3.0,0.1,23.0,8.0,6.0,0.0,0.0,6.0,4900.0,15.72,413.0,413.0,-0.437,9.83,HIDDEN,HIDDEN,HIDDEN,HIDDEN,HIDDEN,HIDDEN,HIDDEN,HIDDEN,PREDICT,HIDDEN,HIDDEN,HIDDEN,,24.0,24.0,33,1,4,0,1,1,0,33,1,466,1,33,1,466,1,UWI+PP,inspection_plus_polishing,,,,,,,ME_FULLSPEED_CONSUMP_HSHFO,,1
S21,44,1418,18.0,17.13,60.2,19.28,16.26,15.87,185094.0,124295.6,4.0,0.3,27.0,11.0,8.0,0.0,0.0,8.0,5200.0,15.72,432.0,432.0,-4.538,11.177,HIDDEN,HIDDEN,HIDDEN,HIDDEN,HIDDEN,HIDDEN,HIDDEN,HIDDEN,PREDICT,HIDDEN,HIDDEN,HIDDEN,,24.0,24.0,35,1,4,0,1,1,0,35,1,468,1,35,1,468,1,UWI+PP,inspection_plus_polishing,,,,,,,ME_FULLSPEED_CONSUMP_HSHFO,,1
S21,45,1619,11.7,11.52,37.5,12.01,11.2,11.8,119715.0,56316.0,3.0,0.5,29.0,9.0,8.0,0.5,8.0,8.0,98.0,11.15,270.0,270.0,-1.807,4.063,HIDDEN,HIDDEN,HIDDEN,HIDDEN,HIDDEN,HIDDEN,HIDDEN,HIDDEN,PREDICT,HIDDEN,HIDDEN,HIDDEN,HIDDEN,23.0,23.0,2,1,5,1,1,1,0,2,1,669,1,2,1,669,1,UWI+PP,inspection_plus_polishing,Good,"barnacle, slime, algae",,,12.0,13.0,ME_FULLSPEED_CONSUMP_HSHFO,,1
S21,46,1623,11.0,11.44,37.8,12.11,10.3,12.1,113172.0,44237.0,4.0,1.0,24.0,15.0,7.0,1.0,8.0,7.0,68.0,10.8,276.0,276.0,3.305,5.501,HIDDEN,HIDDEN,HIDDEN,HIDDEN,HIDDEN,HIDDEN,HIDDEN,HIDDEN,HIDDEN,HIDDEN,PREDICT,HIDDEN,HIDDEN,25.0,25.0,6,1,5,1,1,1,0,6,1,673,1,6,1,673,1,UWI+PP,inspection_plus_polishing,Good,"barnacle, slime, algae",,,12.0,13.0,ME_FULLSPEED_CONSUMP_VLSFO,,1
S21,46,1634,10.6,11.0,64.6,20.69,12.5,13.5,136457.0,74566.0,3.0,1.0,28.0,8.0,6.0,0.5,6.0,6.0,88.0,12.4,454.0,254.0,2.015,46.832,HIDDEN,HIDDEN,HIDDEN,HIDDEN,HIDDEN,HIDDEN,HIDDEN,HIDDEN,PREDICT,HIDDEN,HIDDEN,HIDDEN,HIDDEN,24.0,24.0,17,1,5,1,1,1,0,17,1,684,1,17,1,684,1,UWI+PP,inspection_plus_polishing,Good,"barnacle, slime, algae",,,12.0,13.0,ME_FULLSPEED_CONSUMP_HSHFO,,1
S21,46,1643,17.6,17.04,62.4,19.99,15.4,15.7,177171.0,113389.0,4.0,1.0,30.0,16.0,9.0,1.0,8.0,9.0,1580.0,15.25,422.0,422.0,-2.707,14.726,HIDDEN,HIDDEN,HIDDEN,HIDDEN,HIDDEN,HIDDEN,HIDDEN,HIDDEN,PREDICT,HIDDEN,HIDDEN,HIDDEN,HIDDEN,24.0,24.0,26,1,5,1,1,1,0,26,1,693,1,26,1,693,1,UWI+PP,inspection_plus_polishing,Good,"barnacle, slime, algae",,,12.0,13.0,ME_FULLSPEED_CONSUMP_HSHFO,,1
S21,46,1644,17.6,17.38,62.5,20.02,15.4,15.7,177171.0,113389.0,4.0,1.0,30.0,14.0,10.0,1.0,9.0,10.0,2850.0,15.25,422.0,422.0,-1.039,13.199,HIDDEN,HIDDEN,HIDDEN,HIDDEN,HIDDEN,HIDDEN,HIDDEN,HIDDEN,PREDICT,HIDDEN,HIDDEN,HIDDEN,HIDDEN,24.0,24.0,27,1,5,1,1,1,0,27,1,694,1,27,1,694,1,UWI+PP,inspection_plus_polishing,Good,"barnacle, slime, algae",,,12.0,13.0,ME_FULLSPEED_CONSUMP_HSHFO,,1
S21,47,1762,19.8,18.67,63.4,20.31,12.5,13.4,139354.0,81497.0,4.0,1.5,25.0,14.0,6.0,2.0,1.0,6.0,150.0,12.6,474.0,474.0,-5.334,8.067,HIDDEN,HIDDEN,HIDDEN,HIDDEN,HIDDEN,HIDDEN,HIDDEN,HIDDEN,PREDICT,HIDDEN,HIDDEN,HIDDEN,HIDDEN,24.0,24.0,2,1,6,1,1,2,0,2,1,812,1,145,1,812,1,PP,propeller_polishing,Fair,slime,,No,12.8,12.8,ME_FULLSPEED_CONSUMP_HSHFO,,1
S21,47,1764,11.9,11.17,38.0,12.17,12.5,13.4,139354.0,81497.0,4.0,1.0,29.0,11.0,3.0,0.5,0.0,2.0,70.0,12.6,286.0,286.0,-6.163,8.242,HIDDEN,HIDDEN,HIDDEN,HIDDEN,HIDDEN,HIDDEN,HIDDEN,HIDDEN,PREDICT,HIDDEN,HIDDEN,HIDDEN,HIDDEN,24.0,24.0,4,1,6,1,1,2,0,4,1,814,1,147,1,814,1,PP,propeller_polishing,Fair,slime,,No,12.8,12.8,ME_FULLSPEED_CONSUMP_HSHFO,,1
S21,47,1771,17.4,16.88,62.1,19.89,15.7,15.7,178877.0,119092.0,4.0,1.5,27.0,15.0,11.0,1.5,12.0,10.0,2200.0,15.4,417.0,417.0,-2.514,15.154,HIDDEN,HIDDEN,HIDDEN,HIDDEN,HIDDEN,HIDDEN,HIDDEN,HIDDEN,PREDICT,HIDDEN,HIDDEN,HIDDEN,HIDDEN,24.0,24.0,11,1,6,1,1,2,0,11,1,821,1,154,1,821,1,PP,propeller_polishing,Fair,slime,,No,12.8,12.8,ME_FULLSPEED_CONSUMP_HSHFO,,1
S21,47,1775,18.4,17.72,62.3,19.95,15.7,15.7,178877.0,119092.0,4.0,1.5,26.0,15.0,6.0,2.0,8.0,6.0,2000.0,15.4,459.0,459.0,-3.207,11.191,HIDDEN,HIDDEN,HIDDEN,HIDDEN,HIDDEN,HIDDEN,HIDDEN,HIDDEN,PREDICT,HIDDEN,HIDDEN,HIDDEN,HIDDEN,25.0,25.0,15,1,6,1,1,2,0,15,1,825,1,158,1,825,1,PP,propeller_polishing,Fair,slime,,No,12.8,12.8,ME_FULLSPEED_CONSUMP_HSHFO,,1
S21,47,1785,18.3,18.21,63.0,20.18,16.0,15.55,179405.0,119092.0,4.0,1.0,23.0,15.0,4.0,1.5,10.0,6.0,2000.0,15.35,440.0,440.0,-0.62,9.759,HIDDEN,HIDDEN,HIDDEN,HIDDEN,HIDDEN,HIDDEN,HIDDEN,HIDDEN,PREDICT,HIDDEN,HIDDEN,HIDDEN,HIDDEN,24.0,24.0,25,1,6,1,1,2,0,25,1,835,1,168,1,835,1,PP,propeller_polishing,Fair,slime,,No,12.8,12.8,ME_FULLSPEED_CONSUMP_HSHFO,,1
S21,47,1786,18.3,18.08,62.6,20.05,16.0,15.55,179405.0,119092.0,4.0,1.0,26.0,14.0,6.0,1.5,10.0,6.0,2000.0,15.35,457.0,457.0,-0.998,9.821,HIDDEN,HIDDEN,HIDDEN,HIDDEN,HIDDEN,HIDDEN,HIDDEN,HIDDEN,PREDICT,HIDDEN,HIDDEN,HIDDEN,HIDDEN,25.0,25.0,26,1,6,1,1,2,0,26,1,836,1,169,1,836,1,PP,propeller_polishing,Fair,slime,,No,12.8,12.8,ME_FULLSPEED_CONSUMP_HSHFO,,1
S21,47,1788,18.2,17.88,63.0,20.18,16.0,15.55,179405.0,119092.0,3.0,0.5,29.0,8.0,3.0,1.0,10.0,3.0,2500.0,15.35,436.0,436.0,-1.447,11.409,HIDDEN,HIDDEN,HIDDEN,HIDDEN,HIDDEN,HIDDEN,HIDDEN,HIDDEN,PREDICT,HIDDEN,HIDDEN,HIDDEN,HIDDEN,24.0,24.0,28,1,6,1,1,2,0,28,1,838,1,171,1,838,1,PP,propeller_polishing,Fair,slime,,No,12.8,12.8,ME_FULLSPEED_CONSUMP_HSHFO,,1
